id,account_id,instrument_symbol,side,quantity,price,filled_at,order_id,liquidity,commission_usd
FIL-500001,ACC-1017,MCL,SELL,3,73.43,2026-08-20T23:20:09Z,ORD-900207,maker,2.10
FIL-500002,ACC-1017,MCL,BUY,3,73.44,2026-08-20T23:52:09Z,ORD-900208,maker,2.10
FIL-500003,ACC-1015,MES,SELL,5,5610.50,2026-08-21T00:08:35Z,ORD-900185,taker,3.50
FIL-500004,ACC-1015,MES,SELL,5,5610.50,2026-08-21T00:08:36Z,ORD-900185,taker,3.50
FIL-500005,ACC-1015,MES,BUY,10,5609.50,2026-08-21T00:26:35Z,ORD-900186,taker,7.00
FIL-500006,ACC-1011,MCL,BUY,4,73.39,2026-08-21T00:35:13Z,ORD-900127,taker,2.80
FIL-500007,ACC-1012,MES,BUY,4,5610.00,2026-08-21T00:37:15Z,ORD-900463,taker,2.80
FIL-500008,ACC-1012,MES,SELL,4,5611.00,2026-08-21T00:48:15Z,ORD-900464,taker,2.80
FIL-500009,ACC-1009,GC,BUY,3,2477.80,2026-08-21T00:51:31Z,ORD-900111,taker,6.30
FIL-500010,ACC-1009,GC,SELL,3,2477.60,2026-08-21T00:56:31Z,ORD-900112,taker,6.30
FIL-500011,ACC-1015,MES,BUY,4,5608.75,2026-08-21T00:59:07Z,ORD-900155,maker,2.80
FIL-500012,ACC-1015,MES,BUY,4,5608.75,2026-08-21T00:59:09Z,ORD-900155,taker,2.80
FIL-500013,ACC-1015,MES,BUY,10,5608.25,2026-08-21T01:12:29Z,ORD-900153,taker,7.00
FIL-500014,ACC-1002,MES,BUY,3,5608.75,2026-08-21T01:14:40Z,ORD-900019,taker,2.10
FIL-500015,ACC-1002,MES,BUY,3,5608.75,2026-08-21T01:14:44Z,ORD-900019,taker,2.10
FIL-500016,ACC-1009,GC,BUY,2,2477.70,2026-08-21T01:16:22Z,ORD-900109,maker,4.20
FIL-500017,ACC-1012,MES,SELL,4,5608.75,2026-08-21T01:16:44Z,ORD-900459,maker,2.80
FIL-500018,ACC-1011,MCL,SELL,4,73.41,2026-08-21T01:24:13Z,ORD-900128,maker,2.80
FIL-500019,ACC-1015,MES,SELL,8,5609.50,2026-08-21T01:30:07Z,ORD-900156,taker,5.60
FIL-500020,ACC-1009,GC,SELL,2,2478.50,2026-08-21T01:35:22Z,ORD-900110,taker,4.20
FIL-500021,ACC-1002,MES,SELL,6,5608.00,2026-08-21T01:38:40Z,ORD-900020,taker,4.20
FIL-500022,ACC-1015,MES,SELL,10,5609.00,2026-08-21T01:42:29Z,ORD-900154,taker,7.00
FIL-500023,ACC-1012,MES,BUY,4,5607.75,2026-08-21T01:52:44Z,ORD-900460,maker,2.80
FIL-500024,ACC-1013,MNQ,BUY,2,19699.75,2026-08-21T01:57:42Z,ORD-900147,taker,1.40
FIL-500025,ACC-1015,MES,BUY,4,5610.50,2026-08-21T02:01:47Z,ORD-900167,taker,2.80
FIL-500026,ACC-1015,MES,SELL,2,5610.50,2026-08-21T02:04:19Z,ORD-900151,taker,1.40
FIL-500027,ACC-1015,MES,SELL,2,5610.50,2026-08-21T02:04:21Z,ORD-900151,taker,1.40
FIL-500028,ACC-1015,MES,SELL,4,5610.75,2026-08-21T02:04:47Z,ORD-900168,maker,2.80
FIL-500029,ACC-1017,MCL,BUY,3,73.48,2026-08-21T02:08:17Z,ORD-900209,taker,2.10
FIL-500030,ACC-1017,MCL,BUY,3,73.48,2026-08-21T02:08:21Z,ORD-900209,taker,2.10
FIL-500031,ACC-1009,GC,SELL,2,2478.20,2026-08-21T02:12:53Z,ORD-900115,taker,4.20
FIL-500032,ACC-1017,MCL,SELL,6,73.46,2026-08-21T02:16:17Z,ORD-900210,taker,4.20
FIL-500033,ACC-1009,GC,BUY,2,2478.80,2026-08-21T02:17:53Z,ORD-900116,taker,4.20
FIL-500034,ACC-1015,MNQ,SELL,5,19698.00,2026-08-21T02:32:23Z,ORD-900169,taker,3.50
FIL-500035,ACC-1006,ES,BUY,3,5610.75,2026-08-21T02:34:37Z,ORD-900075,taker,6.30
FIL-500036,ACC-1005,MCL,BUY,10,73.36,2026-08-21T02:36:01Z,ORD-900063,taker,7.00
FIL-500037,ACC-1004,MES,SELL,3,5609.75,2026-08-21T02:38:31Z,ORD-900051,maker,2.10
FIL-500038,ACC-1013,MNQ,SELL,2,19701.00,2026-08-21T02:40:42Z,ORD-900148,maker,1.40
FIL-500039,ACC-1009,GC,BUY,1,2478.20,2026-08-21T02:46:33Z,ORD-900119,taker,2.10
FIL-500040,ACC-1003,NQ,BUY,4,19701.50,2026-08-21T02:50:07Z,ORD-900031,taker,8.40
FIL-500041,ACC-1005,MCL,SELL,4,73.46,2026-08-21T02:50:09Z,ORD-900065,taker,2.80
FIL-500042,ACC-1015,MES,BUY,4,5608.50,2026-08-21T02:54:19Z,ORD-900152,taker,2.80
FIL-500043,ACC-1011,MES,SELL,2,5608.75,2026-08-21T02:55:21Z,ORD-900131,maker,1.40
FIL-500044,ACC-1011,MES,SELL,2,5608.75,2026-08-21T02:55:25Z,ORD-900131,taker,1.40
FIL-500045,ACC-1006,MES,SELL,8,5609.25,2026-08-21T02:58:51Z,ORD-900081,taker,5.60
FIL-500046,ACC-1007,MES,BUY,2,5610.50,2026-08-21T03:08:55Z,ORD-900099,taker,1.40
FIL-500047,ACC-1007,MES,BUY,3,5610.50,2026-08-21T03:08:56Z,ORD-900099,taker,2.10
FIL-500048,ACC-1004,MES,BUY,3,5609.25,2026-08-21T03:10:31Z,ORD-900052,taker,2.10
FIL-500049,ACC-1011,MES,SELL,8,5609.50,2026-08-21T03:12:57Z,ORD-900137,taker,5.60
FIL-500050,ACC-1005,MCL,SELL,2,73.42,2026-08-21T03:13:58Z,ORD-900061,maker,1.40
FIL-500051,ACC-1006,ES,SELL,3,5612.75,2026-08-21T03:14:37Z,ORD-900076,taker,6.30
FIL-500052,ACC-1006,MES,BUY,8,5610.25,2026-08-21T03:14:51Z,ORD-900082,taker,5.60
FIL-500053,ACC-1006,ES,BUY,2,5608.75,2026-08-21T03:18:55Z,ORD-900071,taker,4.20
FIL-500054,ACC-1015,MNQ,BUY,5,19697.25,2026-08-21T03:22:23Z,ORD-900170,maker,3.50
FIL-500055,ACC-1005,MCL,SELL,10,73.37,2026-08-21T03:25:01Z,ORD-900064,taker,7.00
FIL-500056,ACC-1003,NQ,SELL,4,19702.00,2026-08-21T03:25:07Z,ORD-900032,maker,8.40
FIL-500057,ACC-1006,ES,BUY,1,5608.75,2026-08-21T03:27:28Z,ORD-900087,taker,2.10
FIL-500058,ACC-1011,MES,BUY,4,5607.50,2026-08-21T03:29:21Z,ORD-900132,taker,2.80
FIL-500059,ACC-1011,MCL,BUY,5,73.41,2026-08-21T03:29:57Z,ORD-900139,taker,3.50
FIL-500060,ACC-1009,GC,SELL,1,2477.60,2026-08-21T03:36:33Z,ORD-900120,maker,2.10
FIL-500061,ACC-1011,MES,BUY,6,5611.25,2026-08-21T03:37:43Z,ORD-900135,taker,4.20
FIL-500062,ACC-1017,MCL,SELL,2,73.32,2026-08-21T03:38:30Z,ORD-900211,maker,1.40
FIL-500063,ACC-1017,MCL,SELL,3,73.32,2026-08-21T03:38:31Z,ORD-900211,maker,2.10
FIL-500064,ACC-1005,MCL,BUY,4,73.41,2026-08-21T03:39:09Z,ORD-900066,taker,2.80
FIL-500065,ACC-1006,MES,BUY,2,5606.25,2026-08-21T03:43:41Z,ORD-900077,taker,1.40
FIL-500066,ACC-1006,MES,BUY,2,5606.25,2026-08-21T03:43:42Z,ORD-900077,taker,1.40
FIL-500067,ACC-1006,ES,SELL,2,5607.75,2026-08-21T03:44:55Z,ORD-900072,taker,4.20
FIL-500068,ACC-1007,MES,SELL,5,5609.50,2026-08-21T03:47:55Z,ORD-900100,taker,3.50
FIL-500069,ACC-1006,MES,SELL,4,5606.75,2026-08-21T03:51:41Z,ORD-900078,maker,2.80
FIL-500070,ACC-1017,MCL,BUY,10,73.39,2026-08-21T03:52:58Z,ORD-900205,maker,7.00
FIL-500071,ACC-1011,MES,BUY,8,5607.50,2026-08-21T03:53:57Z,ORD-900138,maker,5.60
FIL-500072,ACC-1013,MNQ,BUY,2,19701.50,2026-08-21T03:59:34Z,ORD-900143,maker,1.40
FIL-500073,ACC-1005,MCL,BUY,2,73.46,2026-08-21T04:01:58Z,ORD-900062,taker,1.40
FIL-500074,ACC-1017,MCL,SELL,10,73.41,2026-08-21T04:03:58Z,ORD-900206,maker,7.00
FIL-500075,ACC-1017,MCL,BUY,5,73.34,2026-08-21T04:06:30Z,ORD-900212,maker,3.50
FIL-500076,ACC-1006,ES,SELL,1,5607.25,2026-08-21T04:09:28Z,ORD-900088,maker,2.10
FIL-500077,ACC-1009,GC,SELL,1,2478.40,2026-08-21T04:14:54Z,ORD-900113,maker,2.10
FIL-500078,ACC-1011,MES,SELL,6,5611.00,2026-08-21T04:22:43Z,ORD-900136,taker,4.20
FIL-500079,ACC-1018,MNQ,SELL,2,19700.00,2026-08-21T04:24:32Z,ORD-900225,taker,1.40
FIL-500080,ACC-1018,MNQ,SELL,2,19700.00,2026-08-21T04:24:34Z,ORD-900225,maker,1.40
FIL-500081,ACC-1011,MCL,SELL,5,73.42,2026-08-21T04:24:57Z,ORD-900140,maker,3.50
FIL-500082,ACC-1013,MNQ,SELL,2,19701.00,2026-08-21T04:27:34Z,ORD-900144,taker,1.40
FIL-500083,ACC-1009,GC,BUY,1,2477.60,2026-08-21T04:35:37Z,ORD-900117,taker,2.10
FIL-500084,ACC-1009,GC,BUY,1,2478.50,2026-08-21T04:35:54Z,ORD-900114,maker,2.10
FIL-500085,ACC-1002,MES,BUY,2,5611.75,2026-08-21T04:41:04Z,ORD-900021,taker,1.40
FIL-500086,ACC-1011,MES,SELL,5,5610.50,2026-08-21T04:54:14Z,ORD-900141,taker,3.50
FIL-500087,ACC-1011,MES,SELL,5,5610.50,2026-08-21T04:54:18Z,ORD-900141,taker,3.50
FIL-500088,ACC-1002,MES,SELL,2,5610.25,2026-08-21T04:58:04Z,ORD-900022,maker,1.40
FIL-500089,ACC-1018,MNQ,BUY,4,19698.75,2026-08-21T04:58:32Z,ORD-900226,maker,2.80
FIL-500090,ACC-1011,MES,BUY,10,5609.25,2026-08-21T05:05:14Z,ORD-900142,maker,7.00
FIL-500091,ACC-1009,GC,SELL,1,2477.80,2026-08-21T05:08:37Z,ORD-900118,taker,2.10
FIL-500092,ACC-1015,MES,SELL,5,5609.75,2026-08-21T05:48:15Z,ORD-900191,maker,3.50
FIL-500093,ACC-1015,MES,BUY,6,5610.00,2026-08-21T05:50:25Z,ORD-900165,taker,4.20
FIL-500094,ACC-1015,MES,BUY,5,5610.50,2026-08-21T05:51:15Z,ORD-900192,maker,3.50
FIL-500095,ACC-1013,MNQ,BUY,5,19700.50,2026-08-21T06:16:41Z,ORD-900145,maker,3.50
FIL-500096,ACC-1004,MES,BUY,6,5608.25,2026-08-21T06:38:29Z,ORD-900053,taker,4.20
FIL-500097,ACC-1013,MNQ,SELL,5,19701.75,2026-08-21T06:38:41Z,ORD-900146,maker,3.50
FIL-500098,ACC-1001,MCL,BUY,10,73.42,2026-08-21T06:41:27Z,ORD-900011,taker,7.00
FIL-500099,ACC-1012,MES,SELL,4,5609.25,2026-08-21T06:41:54Z,ORD-900457,taker,2.80
FIL-500100,ACC-1017,MCL,BUY,2,73.38,2026-08-21T06:42:29Z,ORD-900221,taker,1.40
FIL-500101,ACC-1017,MCL,BUY,2,73.38,2026-08-21T06:42:31Z,ORD-900221,maker,1.40
FIL-500102,ACC-1004,MES,BUY,3,5609.75,2026-08-21T06:45:04Z,ORD-900057,maker,2.10
FIL-500103,ACC-1015,MES,SELL,6,5610.25,2026-08-21T06:45:25Z,ORD-900166,maker,4.20
FIL-500104,ACC-1006,MES,BUY,5,5609.75,2026-08-21T06:51:07Z,ORD-900069,maker,3.50
FIL-500105,ACC-1015,MES,BUY,2,5610.50,2026-08-21T06:52:15Z,ORD-900181,taker,1.40
FIL-500106,ACC-1011,MCL,SELL,6,73.35,2026-08-21T06:55:01Z,ORD-900133,taker,4.20
FIL-500107,ACC-1003,MNQ,SELL,3,19700.50,2026-08-21T07:01:06Z,ORD-900029,maker,2.10
FIL-500108,ACC-1012,MES,BUY,4,5608.25,2026-08-21T07:02:54Z,ORD-900458,maker,2.80
FIL-500109,ACC-1017,MCL,SELL,4,73.37,2026-08-21T07:03:29Z,ORD-900222,maker,2.80
FIL-500110,ACC-1003,MNQ,BUY,6,19700.25,2026-08-21T07:12:15Z,ORD-900035,taker,4.20
FIL-500111,ACC-1001,MCL,SELL,10,73.41,2026-08-21T07:15:27Z,ORD-900012,taker,7.00
FIL-500112,ACC-1015,MES,SELL,3,5610.75,2026-08-21T07:16:09Z,ORD-900149,taker,2.10
FIL-500113,ACC-1004,MES,SELL,6,5608.75,2026-08-21T07:17:29Z,ORD-900054,maker,4.20
FIL-500114,ACC-1004,MES,SELL,3,5608.75,2026-08-21T07:19:04Z,ORD-900058,taker,2.10
FIL-500115,ACC-1011,MCL,BUY,6,73.37,2026-08-21T07:30:01Z,ORD-900134,taker,4.20
FIL-500116,ACC-1006,MES,SELL,5,5611.00,2026-08-21T07:31:07Z,ORD-900070,taker,3.50
FIL-500117,ACC-1015,MES,SELL,2,5609.00,2026-08-21T07:35:15Z,ORD-900182,maker,1.40
FIL-500118,ACC-1015,MES,BUY,3,5610.00,2026-08-21T07:38:09Z,ORD-900150,taker,2.10
FIL-500119,ACC-1003,NQ,BUY,2,19700.25,2026-08-21T07:39:19Z,ORD-900037,taker,4.20
FIL-500120,ACC-1003,NQ,BUY,2,19700.25,2026-08-21T07:39:22Z,ORD-900037,taker,4.20
FIL-500121,ACC-1003,MNQ,BUY,3,19700.25,2026-08-21T07:43:06Z,ORD-900030,taker,2.10
FIL-500122,ACC-1006,ES,SELL,3,5610.50,2026-08-21T07:54:03Z,ORD-900089,maker,6.30
FIL-500123,ACC-1003,MNQ,SELL,6,19699.25,2026-08-21T07:54:15Z,ORD-900036,taker,4.20
FIL-500124,ACC-1003,NQ,SELL,4,19699.25,2026-08-21T07:54:19Z,ORD-900038,taker,8.40
FIL-500125,ACC-1018,MNQ,SELL,5,19700.75,2026-08-21T07:56:58Z,ORD-900223,taker,3.50
FIL-500126,ACC-1001,MES,BUY,3,5611.50,2026-08-21T08:03:50Z,ORD-900009,maker,2.10
FIL-500127,ACC-1016,MES,BUY,10,5609.25,2026-08-21T08:15:58Z,ORD-900201,maker,7.00
FIL-500128,ACC-1007,MES,BUY,3,5611.25,2026-08-21T08:17:21Z,ORD-900097,taker,2.10
FIL-500129,ACC-1016,MES,SELL,10,5609.50,2026-08-21T08:23:58Z,ORD-900202,maker,7.00
FIL-500130,ACC-1015,MES,SELL,4,5609.75,2026-08-21T08:31:06Z,ORD-900187,taker,2.80
FIL-500131,ACC-1015,MES,SELL,4,5609.75,2026-08-21T08:31:07Z,ORD-900187,taker,2.80
FIL-500132,ACC-1006,ES,BUY,3,5609.25,2026-08-21T08:35:03Z,ORD-900090,maker,6.30
FIL-500133,ACC-1006,ES,SELL,1,5609.75,2026-08-21T08:38:06Z,ORD-900079,maker,2.10
FIL-500134,ACC-1003,MNQ,BUY,2,19699.00,2026-08-21T08:50:30Z,ORD-900027,taker,1.40
FIL-500135,ACC-1018,MNQ,BUY,5,19701.50,2026-08-21T08:51:58Z,ORD-900224,taker,3.50
FIL-500136,ACC-1001,MES,SELL,3,5610.00,2026-08-21T08:58:50Z,ORD-900010,maker,2.10
FIL-500137,ACC-1007,MES,SELL,3,5612.00,2026-08-21T09:05:21Z,ORD-900098,taker,2.10
FIL-500138,ACC-1015,MES,BUY,8,5608.50,2026-08-21T09:06:06Z,ORD-900188,taker,5.60
FIL-500139,ACC-1015,MES,BUY,5,5610.50,2026-08-21T09:16:15Z,ORD-900171,maker,3.50
FIL-500140,ACC-1015,MES,SELL,6,5610.75,2026-08-21T09:18:34Z,ORD-900173,taker,4.20
FIL-500141,ACC-1006,MES,BUY,3,5609.00,2026-08-21T09:20:05Z,ORD-900091,maker,2.10
FIL-500142,ACC-1015,MES,SELL,5,5611.25,2026-08-21T09:25:15Z,ORD-900172,maker,3.50
FIL-500143,ACC-1006,ES,BUY,1,5608.75,2026-08-21T09:28:06Z,ORD-900080,maker,2.10
FIL-500144,ACC-1015,MES,BUY,6,5611.50,2026-08-21T09:28:34Z,ORD-900174,taker,4.20
FIL-500145,ACC-1015,MES,BUY,2,5609.00,2026-08-21T09:31:07Z,ORD-900175,taker,1.40
FIL-500146,ACC-1016,MES,BUY,10,5610.75,2026-08-21T09:33:54Z,ORD-900203,taker,7.00
FIL-500147,ACC-1007,MES,SELL,8,5608.50,2026-08-21T09:36:55Z,ORD-900095,taker,5.60
FIL-500148,ACC-1003,MNQ,SELL,2,19700.00,2026-08-21T09:39:30Z,ORD-900028,taker,1.40
FIL-500149,ACC-1006,MES,SELL,3,5610.00,2026-08-21T09:45:05Z,ORD-900092,maker,2.10
FIL-500150,ACC-1012,MES,BUY,4,5611.00,2026-08-21T09:46:16Z,ORD-900467,maker,2.80
FIL-500151,ACC-1015,MNQ,BUY,2,19699.50,2026-08-21T09:47:22Z,ORD-900183,maker,1.40
FIL-500152,ACC-1016,MES,SELL,10,5612.00,2026-08-21T09:50:54Z,ORD-900204,taker,7.00
FIL-500153,ACC-1015,MNQ,SELL,2,19701.50,2026-08-21T09:51:22Z,ORD-900184,taker,1.40
FIL-500154,ACC-1007,MES,BUY,8,5609.00,2026-08-21T09:57:55Z,ORD-900096,taker,5.60
FIL-500155,ACC-1009,GC,BUY,3,2477.80,2026-08-21T10:01:52Z,ORD-900121,taker,6.30
FIL-500156,ACC-1008,6E,BUY,4,1.103,2026-08-21T10:04:18Z,ORD-900103,taker,9.92
FIL-500157,ACC-1015,MES,SELL,2,5608.50,2026-08-21T10:05:07Z,ORD-900176,taker,1.40
FIL-500158,ACC-1012,MES,SELL,4,5611.50,2026-08-21T10:08:16Z,ORD-900468,taker,2.80
FIL-500159,ACC-1002,MES,BUY,5,5610.75,2026-08-21T10:11:27Z,ORD-900017,taker,3.50
FIL-500160,ACC-1009,GC,SELL,3,2478.30,2026-08-21T10:25:52Z,ORD-900122,maker,6.30
FIL-500161,ACC-1002,MES,SELL,5,5611.00,2026-08-21T10:28:27Z,ORD-900018,taker,3.50
FIL-500162,ACC-1005,MCL,SELL,3,73.36,2026-08-21T10:39:30Z,ORD-900067,taker,2.10
FIL-500163,ACC-1005,MCL,BUY,3,73.39,2026-08-21T10:46:30Z,ORD-900068,maker,2.10
FIL-500164,ACC-1015,MES,BUY,3,5610.50,2026-08-21T10:51:12Z,ORD-900161,maker,2.10
FIL-500165,ACC-1008,6E,SELL,4,1.10295,2026-08-21T10:58:18Z,ORD-900104,taker,9.92
FIL-500166,ACC-1008,6E,BUY,1,1.1033,2026-08-21T10:59:51Z,ORD-900101,taker,2.48
FIL-500167,ACC-1008,6E,SELL,1,1.10355,2026-08-21T11:07:51Z,ORD-900102,taker,2.48
FIL-500168,ACC-1015,MES,SELL,3,5610.25,2026-08-21T11:11:12Z,ORD-900162,taker,2.10
FIL-500169,ACC-1001,MES,BUY,10,5609.25,2026-08-21T11:30:35Z,ORD-900007,taker,7.00
FIL-500170,ACC-1017,MCL,BUY,3,73.39,2026-08-21T11:31:23Z,ORD-900215,taker,2.10
FIL-500171,ACC-1002,MES,SELL,2,5610.00,2026-08-21T11:36:30Z,ORD-900023,taker,1.40
FIL-500172,ACC-1001,MES,SELL,10,5610.00,2026-08-21T11:55:35Z,ORD-900008,taker,7.00
FIL-500173,ACC-1015,MES,SELL,3,5612.25,2026-08-21T12:05:55Z,ORD-900189,maker,2.10
FIL-500174,ACC-1017,MCL,SELL,3,73.38,2026-08-21T12:06:23Z,ORD-900216,taker,2.10
FIL-500175,ACC-1008,6E,SELL,2,1.10335,2026-08-21T12:06:51Z,ORD-900107,taker,4.96
FIL-500176,ACC-1001,MCL,BUY,3,73.40,2026-08-21T12:12:40Z,ORD-900013,maker,2.10
FIL-500177,ACC-1015,MES,BUY,3,5613.25,2026-08-21T12:17:55Z,ORD-900190,maker,2.10
FIL-500178,ACC-1002,MES,BUY,2,5610.75,2026-08-21T12:23:30Z,ORD-900024,maker,1.40
FIL-500179,ACC-1008,6E,BUY,2,1.10365,2026-08-21T12:24:51Z,ORD-900108,taker,4.96
FIL-500180,ACC-1015,MES,BUY,5,5608.50,2026-08-21T12:37:19Z,ORD-900157,taker,3.50
FIL-500181,ACC-1001,MCL,SELL,3,73.44,2026-08-21T12:37:40Z,ORD-900014,taker,2.10
FIL-500182,ACC-1003,NQ,SELL,2,19700.75,2026-08-21T12:56:07Z,ORD-900043,maker,4.20
FIL-500183,ACC-1003,NQ,BUY,2,19700.25,2026-08-21T13:03:07Z,ORD-900044,maker,4.20
FIL-500184,ACC-1003,MNQ,BUY,2,19701.00,2026-08-21T13:11:34Z,ORD-900041,taker,1.40
FIL-500185,ACC-1015,MES,SELL,5,5609.50,2026-08-21T13:17:19Z,ORD-900158,maker,3.50
FIL-500186,ACC-1016,MES,BUY,2,5608.75,2026-08-21T13:22:54Z,ORD-900193,taker,1.40
FIL-500187,ACC-1016,MES,SELL,10,5612.00,2026-08-21T13:30:08Z,ORD-900197,taker,7.00
FIL-500188,ACC-1015,MNQ,BUY,4,19699.25,2026-08-21T13:33:03Z,ORD-900163,maker,2.80
FIL-500189,ACC-1016,MES,BUY,10,5610.75,2026-08-21T13:38:08Z,ORD-900198,taker,7.00
FIL-500190,ACC-1003,MNQ,SELL,2,19700.50,2026-08-21T13:42:34Z,ORD-900042,maker,1.40
FIL-500191,ACC-1015,MNQ,SELL,4,19700.25,2026-08-21T14:00:03Z,ORD-900164,taker,2.80
FIL-500192,ACC-1012,MES,BUY,3,5610.75,2026-08-21T14:01:20Z,ORD-900461,taker,2.10
FIL-500193,ACC-1001,MES,BUY,5,5610.25,2026-08-21T14:04:24Z,ORD-900003,maker,3.50
FIL-500194,ACC-1001,MES,BUY,5,5610.25,2026-08-21T14:04:25Z,ORD-900003,taker,3.50
FIL-500195,ACC-1016,MES,BUY,5,5611.00,2026-08-21T14:11:54Z,ORD-900199,maker,3.50
FIL-500196,ACC-1007,MES,BUY,3,5609.75,2026-08-21T14:13:23Z,ORD-900093,taker,2.10
FIL-500197,ACC-1009,GC,SELL,4,2478.20,2026-08-21T14:15:32Z,ORD-900125,taker,8.40
FIL-500198,ACC-1016,MES,SELL,2,5609.25,2026-08-21T14:16:54Z,ORD-900194,taker,1.40
FIL-500199,ACC-1001,MES,SELL,10,5612.25,2026-08-21T14:17:24Z,ORD-900004,taker,7.00
FIL-500200,ACC-1012,MES,SELL,3,5611.75,2026-08-21T14:20:20Z,ORD-900462,taker,2.10
FIL-500201,ACC-1006,MES,BUY,2,5609.75,2026-08-21T14:22:12Z,ORD-900073,maker,1.40
FIL-500202,ACC-1015,MNQ,BUY,4,19700.75,2026-08-21T14:23:15Z,ORD-900177,maker,2.80
FIL-500203,ACC-1009,GC,BUY,4,2478.00,2026-08-21T14:26:32Z,ORD-900126,taker,8.40
FIL-500204,ACC-1017,MCL,BUY,4,73.41,2026-08-21T14:27:19Z,ORD-900219,maker,2.80
FIL-500205,ACC-1004,MES,BUY,4,5611.25,2026-08-21T14:27:47Z,ORD-900047,taker,2.80
FIL-500206,ACC-1016,MES,SELL,5,5610.00,2026-08-21T14:27:54Z,ORD-900200,taker,3.50
FIL-500207,ACC-1007,MES,SELL,3,5609.25,2026-08-21T14:31:23Z,ORD-900094,taker,2.10
FIL-500208,ACC-1004,MES,SELL,4,5611.00,2026-08-21T14:43:47Z,ORD-900048,maker,2.80
FIL-500209,ACC-1001,MCL,BUY,4,73.39,2026-08-21T15:01:28Z,ORD-900001,taker,2.80
FIL-500210,ACC-1006,MES,SELL,2,5610.50,2026-08-21T15:02:12Z,ORD-900074,taker,1.40
FIL-500211,ACC-1015,MNQ,SELL,4,19700.00,2026-08-21T15:07:15Z,ORD-900178,taker,2.80
FIL-500212,ACC-1017,MCL,SELL,4,73.42,2026-08-21T15:16:19Z,ORD-900220,taker,2.80
FIL-500213,ACC-1004,MES,SELL,6,5609.00,2026-08-21T15:34:38Z,ORD-900045,maker,4.20
FIL-500214,ACC-1012,MES,BUY,3,5610.75,2026-08-21T15:42:06Z,ORD-900465,taker,2.10
FIL-500215,ACC-1004,MES,BUY,6,5610.00,2026-08-21T15:53:38Z,ORD-900046,maker,4.20
FIL-500216,ACC-1001,MCL,SELL,4,73.47,2026-08-21T15:56:28Z,ORD-900002,maker,2.80
FIL-500217,ACC-1011,MCL,SELL,2,73.42,2026-08-21T15:58:52Z,ORD-900129,taker,1.40
FIL-500218,ACC-1004,MES,BUY,10,5609.75,2026-08-21T16:01:34Z,ORD-900049,taker,7.00
FIL-500219,ACC-1011,MCL,BUY,2,73.37,2026-08-21T16:09:52Z,ORD-900130,taker,1.40
FIL-500220,ACC-1003,MNQ,SELL,10,19701.50,2026-08-21T16:11:05Z,ORD-900033,taker,7.00
FIL-500221,ACC-1012,MES,SELL,3,5610.00,2026-08-21T16:14:06Z,ORD-900466,taker,2.10
FIL-500222,ACC-1003,MNQ,BUY,4,19699.00,2026-08-21T16:17:55Z,ORD-900039,taker,2.80
FIL-500223,ACC-1015,MNQ,SELL,4,19699.00,2026-08-21T16:24:13Z,ORD-900179,taker,2.80
FIL-500224,ACC-1015,MNQ,SELL,4,19699.00,2026-08-21T16:24:17Z,ORD-900179,taker,2.80
FIL-500225,ACC-1004,MES,SELL,10,5611.00,2026-08-21T16:40:34Z,ORD-900050,taker,7.00
FIL-500226,ACC-1006,ES,BUY,2,5608.25,2026-08-21T16:41:04Z,ORD-900083,taker,4.20
FIL-500227,ACC-1006,MES,SELL,3,5609.25,2026-08-21T16:44:54Z,ORD-900085,taker,2.10
FIL-500228,ACC-1003,MNQ,BUY,10,19702.50,2026-08-21T16:53:05Z,ORD-900034,taker,7.00
FIL-500229,ACC-1001,MES,SELL,3,5611.00,2026-08-21T16:56:25Z,ORD-900005,maker,2.10
FIL-500230,ACC-1001,MES,BUY,3,5610.25,2026-08-21T17:01:25Z,ORD-900006,taker,2.10
FIL-500231,ACC-1016,MES,BUY,6,5609.25,2026-08-21T17:01:31Z,ORD-900195,taker,4.20
FIL-500232,ACC-1016,MES,SELL,6,5609.50,2026-08-21T17:05:31Z,ORD-900196,taker,4.20
FIL-500233,ACC-1003,MNQ,SELL,4,19698.50,2026-08-21T17:07:55Z,ORD-900040,taker,2.80
FIL-500234,ACC-1015,MNQ,BUY,8,19699.75,2026-08-21T17:08:13Z,ORD-900180,taker,5.60
FIL-500235,ACC-1003,NQ,BUY,1,19699.75,2026-08-21T17:08:29Z,ORD-900025,taker,2.10
FIL-500236,ACC-1003,NQ,SELL,1,19700.25,2026-08-21T17:14:29Z,ORD-900026,taker,2.10
FIL-500237,ACC-1006,ES,SELL,2,5608.50,2026-08-21T17:18:04Z,ORD-900084,taker,4.20
FIL-500238,ACC-1017,MES,SELL,5,5609.75,2026-08-21T17:18:45Z,ORD-900217,taker,3.50
FIL-500239,ACC-1017,MES,SELL,5,5609.75,2026-08-21T17:18:46Z,ORD-900217,taker,3.50
FIL-500240,ACC-1001,MES,SELL,4,5611.25,2026-08-21T17:27:44Z,ORD-900015,taker,2.80
FIL-500241,ACC-1001,MES,SELL,4,5611.25,2026-08-21T17:27:47Z,ORD-900015,taker,2.80
FIL-500242,ACC-1017,MES,BUY,5,5608.75,2026-08-21T17:27:59Z,ORD-900213,maker,3.50
FIL-500243,ACC-1006,MES,BUY,3,5609.50,2026-08-21T17:31:54Z,ORD-900086,taker,2.10
FIL-500244,ACC-1009,GC,BUY,3,2478.30,2026-08-21T17:34:24Z,ORD-900123,taker,6.30
FIL-500245,ACC-1015,MNQ,SELL,6,19700.50,2026-08-21T17:38:56Z,ORD-900159,taker,4.20
FIL-500246,ACC-1009,GC,SELL,3,2478.10,2026-08-21T17:41:24Z,ORD-900124,taker,6.30
FIL-500247,ACC-1008,6E,SELL,2,1.1029,2026-08-21T17:43:48Z,ORD-900105,taker,4.96
FIL-500248,ACC-1008,6E,SELL,2,1.1029,2026-08-21T17:43:51Z,ORD-900105,taker,4.96
FIL-500249,ACC-1017,MES,BUY,10,5610.00,2026-08-21T17:50:45Z,ORD-900218,taker,7.00
FIL-500250,ACC-1018,MNQ,BUY,5,19700.25,2026-08-21T17:53:24Z,ORD-900227,taker,3.50
FIL-500251,ACC-1017,MES,SELL,5,5608.00,2026-08-21T17:53:59Z,ORD-900214,maker,3.50
FIL-500252,ACC-1008,6E,BUY,4,1.10295,2026-08-21T18:00:48Z,ORD-900106,maker,9.92
FIL-500253,ACC-1001,MES,BUY,8,5611.75,2026-08-21T18:10:44Z,ORD-900016,taker,5.60
FIL-500254,ACC-1005,MCL,BUY,3,73.40,2026-08-21T18:22:08Z,ORD-900059,maker,2.10
FIL-500255,ACC-1018,MNQ,SELL,5,19701.50,2026-08-21T18:30:24Z,ORD-900228,taker,3.50
FIL-500256,ACC-1015,MNQ,BUY,6,19699.25,2026-08-21T18:30:56Z,ORD-900160,maker,4.20
FIL-500257,ACC-1004,MES,BUY,8,5611.25,2026-08-21T18:34:33Z,ORD-900055,maker,5.60
FIL-500258,ACC-1004,MES,SELL,8,5610.50,2026-08-21T18:44:33Z,ORD-900056,taker,5.60
FIL-500259,ACC-1005,MCL,SELL,3,73.37,2026-08-21T19:14:08Z,ORD-900060,taker,2.10
FIL-500260,ACC-1015,MES,BUY,3,5629.75,2026-08-23T23:22:53Z,ORD-900411,taker,2.10
FIL-500261,ACC-1001,MCL,BUY,5,73.70,2026-08-23T23:33:46Z,ORD-900231,taker,3.50
FIL-500262,ACC-1009,GC,BUY,3,2486.60,2026-08-23T23:33:51Z,ORD-900343,taker,6.30
FIL-500263,ACC-1015,MES,SELL,3,5631.75,2026-08-23T23:43:53Z,ORD-900412,taker,2.10
FIL-500264,ACC-1017,MES,BUY,3,5628.00,2026-08-24T00:07:13Z,ORD-900447,maker,2.10
FIL-500265,ACC-1017,MES,BUY,3,5628.00,2026-08-24T00:07:17Z,ORD-900447,maker,2.10
FIL-500266,ACC-1017,MES,SELL,6,5626.50,2026-08-24T00:12:13Z,ORD-900448,taker,4.20
FIL-500267,ACC-1001,MCL,SELL,5,73.66,2026-08-24T00:12:46Z,ORD-900232,taker,3.50
FIL-500268,ACC-1004,MES,BUY,8,5631.00,2026-08-24T00:15:28Z,ORD-900275,taker,5.60
FIL-500269,ACC-1004,MES,SELL,3,5629.50,2026-08-24T00:26:11Z,ORD-900281,taker,2.10
FIL-500270,ACC-1009,GC,SELL,3,2486.40,2026-08-24T00:26:51Z,ORD-900344,taker,6.30
FIL-500271,ACC-1017,MES,SELL,2,5631.00,2026-08-24T00:27:48Z,ORD-900435,maker,1.40
FIL-500272,ACC-1017,MES,SELL,3,5631.00,2026-08-24T00:27:50Z,ORD-900435,taker,2.10
FIL-500273,ACC-1009,GC,BUY,3,2486.30,2026-08-24T00:34:44Z,ORD-900347,taker,6.30
FIL-500274,ACC-1003,MNQ,BUY,2,19768.25,2026-08-24T00:36:10Z,ORD-900253,taker,1.40
FIL-500275,ACC-1003,MNQ,BUY,3,19768.25,2026-08-24T00:36:11Z,ORD-900253,maker,2.10
FIL-500276,ACC-1009,GC,SELL,3,2486.60,2026-08-24T00:56:44Z,ORD-900348,maker,6.30
FIL-500277,ACC-1004,MES,BUY,3,5630.00,2026-08-24T00:57:11Z,ORD-900282,taker,2.10
FIL-500278,ACC-1004,MES,SELL,8,5630.00,2026-08-24T01:08:28Z,ORD-900276,maker,5.60
FIL-500279,ACC-1005,MCL,BUY,5,73.66,2026-08-24T01:14:01Z,ORD-900295,maker,3.50
FIL-500280,ACC-1017,MES,BUY,5,5631.50,2026-08-24T01:17:48Z,ORD-900436,taker,3.50
FIL-500281,ACC-1009,GC,BUY,1,2486.90,2026-08-24T01:24:10Z,ORD-900339,maker,2.10
FIL-500282,ACC-1003,MNQ,SELL,5,19768.00,2026-08-24T01:29:10Z,ORD-900254,maker,3.50
FIL-500283,ACC-1005,MCL,SELL,5,73.67,2026-08-24T01:31:01Z,ORD-900296,taker,3.50
FIL-500284,ACC-1015,MNQ,BUY,8,19769.50,2026-08-24T01:35:10Z,ORD-900391,taker,5.60
FIL-500285,ACC-1006,ES,SELL,1,5630.00,2026-08-24T01:38:04Z,ORD-900319,maker,2.10
FIL-500286,ACC-1001,MES,BUY,3,5628.75,2026-08-24T01:46:48Z,ORD-900243,taker,2.10
FIL-500287,ACC-1016,MES,BUY,3,5628.75,2026-08-24T01:46:53Z,ORD-900427,maker,2.10
FIL-500288,ACC-1016,MES,BUY,3,5628.75,2026-08-24T01:46:54Z,ORD-900427,taker,2.10
FIL-500289,ACC-1009,GC,SELL,1,2486.70,2026-08-24T01:48:10Z,ORD-900340,taker,2.10
FIL-500290,ACC-1015,MNQ,BUY,6,19768.50,2026-08-24T01:53:18Z,ORD-900401,taker,4.20
FIL-500291,ACC-1015,MNQ,SELL,6,19767.75,2026-08-24T01:56:18Z,ORD-900402,maker,4.20
FIL-500292,ACC-1011,MCL,BUY,6,73.63,2026-08-24T01:57:46Z,ORD-900357,taker,4.20
FIL-500293,ACC-1007,MES,BUY,5,5629.75,2026-08-24T01:58:49Z,ORD-900325,maker,3.50
FIL-500294,ACC-1007,MES,BUY,5,5629.75,2026-08-24T01:58:52Z,ORD-900325,maker,3.50
FIL-500295,ACC-1016,MES,SELL,6,5628.00,2026-08-24T01:58:53Z,ORD-900428,taker,4.20
FIL-500296,ACC-1015,MES,BUY,3,5629.75,2026-08-24T02:04:32Z,ORD-900395,maker,2.10
FIL-500297,ACC-1001,MES,SELL,3,5629.75,2026-08-24T02:05:48Z,ORD-900244,taker,2.10
FIL-500298,ACC-1015,MNQ,SELL,8,19771.50,2026-08-24T02:06:10Z,ORD-900392,maker,5.60
FIL-500299,ACC-1015,MES,SELL,3,5630.50,2026-08-24T02:08:32Z,ORD-900396,taker,2.10
FIL-500300,ACC-1006,ES,BUY,1,5629.50,2026-08-24T02:09:04Z,ORD-900320,taker,2.10
FIL-500301,ACC-1011,MCL,SELL,6,73.61,2026-08-24T02:16:46Z,ORD-900358,taker,4.20
FIL-500302,ACC-1004,MES,BUY,3,5629.50,2026-08-24T02:17:56Z,ORD-900285,taker,2.10
FIL-500303,ACC-1004,MES,BUY,3,5629.50,2026-08-24T02:17:59Z,ORD-900285,taker,2.10
FIL-500304,ACC-1006,ES,SELL,2,5630.00,2026-08-24T02:30:01Z,ORD-900303,maker,4.20
FIL-500305,ACC-1007,MES,SELL,10,5630.25,2026-08-24T02:45:49Z,ORD-900326,maker,7.00
FIL-500306,ACC-1008,6E,SELL,2,1.1068,2026-08-24T02:47:46Z,ORD-900335,taker,4.96
FIL-500307,ACC-1006,MES,BUY,10,5628.50,2026-08-24T02:57:27Z,ORD-900309,maker,7.00
FIL-500308,ACC-1006,MES,BUY,10,5630.50,2026-08-24T02:59:09Z,ORD-900315,taker,7.00
FIL-500309,ACC-1017,MES,BUY,3,5631.25,2026-08-24T02:59:58Z,ORD-900437,taker,2.10
FIL-500310,ACC-1004,MES,SELL,6,5630.25,2026-08-24T03:04:56Z,ORD-900286,taker,4.20
FIL-500311,ACC-1006,ES,BUY,2,5629.25,2026-08-24T03:05:01Z,ORD-900304,maker,4.20
FIL-500312,ACC-1011,MCL,BUY,5,73.64,2026-08-24T03:06:58Z,ORD-900365,taker,3.50
FIL-500313,ACC-1011,MCL,BUY,5,73.64,2026-08-24T03:06:59Z,ORD-900365,taker,3.50
FIL-500314,ACC-1011,MCL,SELL,10,73.67,2026-08-24T03:10:58Z,ORD-900366,taker,7.00
FIL-500315,ACC-1006,MES,SELL,10,5627.50,2026-08-24T03:18:27Z,ORD-900310,taker,7.00
FIL-500316,ACC-1008,6E,BUY,2,1.1067,2026-08-24T03:23:46Z,ORD-900336,taker,4.96
FIL-500317,ACC-1015,MES,SELL,4,5629.25,2026-08-24T03:27:28Z,ORD-900417,maker,2.80
FIL-500318,ACC-1015,MES,SELL,4,5629.25,2026-08-24T03:27:29Z,ORD-900417,taker,2.80
FIL-500319,ACC-1006,MES,SELL,10,5630.25,2026-08-24T03:28:09Z,ORD-900316,taker,7.00
FIL-500320,ACC-1011,MCL,SELL,8,73.67,2026-08-24T03:28:14Z,ORD-900361,taker,5.60
FIL-500321,ACC-1009,GC,SELL,2,2487.40,2026-08-24T03:28:17Z,ORD-900345,taker,4.20
FIL-500322,ACC-1005,MCL,SELL,5,73.68,2026-08-24T03:30:12Z,ORD-900291,maker,3.50
FIL-500323,ACC-1005,MCL,SELL,5,73.68,2026-08-24T03:30:15Z,ORD-900291,maker,3.50
FIL-500324,ACC-1017,MES,SELL,3,5633.25,2026-08-24T03:34:58Z,ORD-900438,taker,2.10
FIL-500325,ACC-1015,MES,SELL,5,5628.00,2026-08-24T03:48:31Z,ORD-900377,taker,3.50
FIL-500326,ACC-1003,MNQ,SELL,6,19768.00,2026-08-24T03:50:18Z,ORD-900265,taker,4.20
FIL-500327,ACC-1001,MES,SELL,8,5630.00,2026-08-24T03:53:03Z,ORD-900239,maker,5.60
FIL-500328,ACC-1015,MNQ,BUY,4,19769.50,2026-08-24T03:55:44Z,ORD-900387,taker,2.80
FIL-500329,ACC-1007,MES,SELL,4,5630.50,2026-08-24T03:56:41Z,ORD-900327,taker,2.80
FIL-500330,ACC-1003,MNQ,BUY,6,19766.75,2026-08-24T03:58:18Z,ORD-900266,taker,4.20
FIL-500331,ACC-1015,MES,BUY,8,5629.00,2026-08-24T04:06:28Z,ORD-900418,taker,5.60
FIL-500332,ACC-1011,MCL,BUY,8,73.70,2026-08-24T04:13:14Z,ORD-900362,maker,5.60
FIL-500333,ACC-1005,MCL,BUY,10,73.63,2026-08-24T04:16:12Z,ORD-900292,taker,7.00
FIL-500334,ACC-1009,GC,BUY,2,2486.90,2026-08-24T04:16:17Z,ORD-900346,taker,4.20
FIL-500335,ACC-1006,ES,BUY,2,5628.25,2026-08-24T04:22:08Z,ORD-900307,taker,4.20
FIL-500336,ACC-1013,MNQ,SELL,2,19769.75,2026-08-24T04:27:25Z,ORD-900375,taker,1.40
FIL-500337,ACC-1002,MES,BUY,2,5629.50,2026-08-24T04:27:56Z,ORD-900251,taker,1.40
FIL-500338,ACC-1009,GC,SELL,1,2487.20,2026-08-24T04:27:57Z,ORD-900349,maker,2.10
FIL-500339,ACC-1002,MES,BUY,3,5629.50,2026-08-24T04:28:00Z,ORD-900251,taker,2.10
FIL-500340,ACC-1007,MES,BUY,4,5629.75,2026-08-24T04:31:41Z,ORD-900328,maker,2.80
FIL-500341,ACC-1015,MNQ,SELL,4,19770.75,2026-08-24T04:31:44Z,ORD-900388,taker,2.80
FIL-500342,ACC-1015,MNQ,SELL,10,19769.50,2026-08-24T04:33:41Z,ORD-900407,taker,7.00
FIL-500343,ACC-1015,MNQ,BUY,8,19768.75,2026-08-24T04:35:50Z,ORD-900399,taker,5.60
FIL-500344,ACC-1015,MES,BUY,5,5629.00,2026-08-24T04:38:31Z,ORD-900378,taker,3.50
FIL-500345,ACC-1009,GC,BUY,1,2487.40,2026-08-24T04:40:57Z,ORD-900350,maker,2.10
FIL-500346,ACC-1001,MES,BUY,8,5630.50,2026-08-24T04:43:03Z,ORD-900240,taker,5.60
FIL-500347,ACC-1015,MNQ,BUY,10,19770.50,2026-08-24T04:52:41Z,ORD-900408,taker,7.00
FIL-500348,ACC-1005,MCL,SELL,4,73.65,2026-08-24T04:54:25Z,ORD-900293,taker,2.80
FIL-500349,ACC-1013,MNQ,BUY,2,19770.75,2026-08-24T04:54:25Z,ORD-900376,taker,1.40
FIL-500350,ACC-1002,MES,SELL,5,5631.50,2026-08-24T04:54:56Z,ORD-900252,taker,3.50
FIL-500351,ACC-1006,ES,SELL,2,5629.00,2026-08-24T04:59:08Z,ORD-900308,taker,4.20
FIL-500352,ACC-1016,MES,BUY,2,5628.50,2026-08-24T05:06:33Z,ORD-900425,taker,1.40
FIL-500353,ACC-1016,MES,BUY,2,5628.50,2026-08-24T05:06:37Z,ORD-900425,maker,1.40
FIL-500354,ACC-1015,MNQ,SELL,8,19767.75,2026-08-24T05:26:50Z,ORD-900400,maker,5.60
FIL-500355,ACC-1003,MNQ,SELL,5,19769.50,2026-08-24T05:28:57Z,ORD-900271,taker,3.50
FIL-500356,ACC-1017,MES,SELL,5,5629.00,2026-08-24T05:30:48Z,ORD-900443,taker,3.50
FIL-500357,ACC-1005,MCL,BUY,4,73.62,2026-08-24T05:31:25Z,ORD-900294,taker,2.80
FIL-500358,ACC-1003,MNQ,BUY,5,19768.50,2026-08-24T05:33:57Z,ORD-900272,taker,3.50
FIL-500359,ACC-1016,MES,SELL,4,5628.25,2026-08-24T05:51:33Z,ORD-900426,maker,2.80
FIL-500360,ACC-1015,MES,BUY,2,5629.00,2026-08-24T05:55:07Z,ORD-900389,taker,1.40
FIL-500361,ACC-1017,MES,BUY,5,5630.00,2026-08-24T05:56:48Z,ORD-900444,taker,3.50
FIL-500362,ACC-1001,MCL,SELL,3,73.65,2026-08-24T05:58:53Z,ORD-900235,taker,2.10
FIL-500363,ACC-1017,MCL,SELL,2,73.71,2026-08-24T06:24:17Z,ORD-900445,maker,1.40
FIL-500364,ACC-1015,MES,SELL,2,5627.50,2026-08-24T06:31:07Z,ORD-900390,taker,1.40
FIL-500365,ACC-1004,MES,BUY,3,5629.50,2026-08-24T06:46:08Z,ORD-900277,taker,2.10
FIL-500366,ACC-1001,MCL,BUY,3,73.63,2026-08-24T06:50:53Z,ORD-900236,taker,2.10
FIL-500367,ACC-1017,MCL,BUY,2,73.69,2026-08-24T06:55:17Z,ORD-900446,maker,1.40
FIL-500368,ACC-1015,MES,SELL,4,5628.75,2026-08-24T07:00:09Z,ORD-900419,taker,2.80
FIL-500369,ACC-1015,MES,SELL,4,5628.75,2026-08-24T07:00:12Z,ORD-900419,maker,2.80
FIL-500370,ACC-1004,MES,SELL,3,5628.50,2026-08-24T07:07:08Z,ORD-900278,taker,2.10
FIL-500371,ACC-1009,GC,BUY,1,2486.60,2026-08-24T07:15:13Z,ORD-900337,maker,2.10
FIL-500372,ACC-1009,GC,SELL,1,2486.30,2026-08-24T07:21:13Z,ORD-900338,maker,2.10
FIL-500373,ACC-1015,MES,BUY,8,5630.25,2026-08-24T07:25:09Z,ORD-900420,maker,5.60
FIL-500374,ACC-1009,GC,BUY,1,2486.90,2026-08-24T07:30:48Z,ORD-900351,maker,2.10
FIL-500375,ACC-1018,MNQ,SELL,2,19768.50,2026-08-24T07:36:57Z,ORD-900455,taker,1.40
FIL-500376,ACC-1018,MNQ,SELL,3,19768.50,2026-08-24T07:37:01Z,ORD-900455,taker,2.10
FIL-500377,ACC-1018,MNQ,BUY,5,19766.50,2026-08-24T07:40:57Z,ORD-900456,maker,3.50
FIL-500378,ACC-1009,GC,SELL,1,2487.40,2026-08-24T07:44:48Z,ORD-900352,taker,2.10
FIL-500379,ACC-1017,MES,SELL,5,5630.75,2026-08-24T07:46:32Z,ORD-900433,maker,3.50
FIL-500380,ACC-1017,MES,BUY,5,5629.50,2026-08-24T07:50:32Z,ORD-900434,taker,3.50
FIL-500381,ACC-1006,ES,SELL,1,5629.25,2026-08-24T07:51:38Z,ORD-900305,taker,2.10
FIL-500382,ACC-1007,MES,BUY,3,5629.75,2026-08-24T07:57:17Z,ORD-900323,taker,2.10
FIL-500383,ACC-1007,MES,BUY,3,5629.75,2026-08-24T07:57:20Z,ORD-900323,taker,2.10
FIL-500384,ACC-1006,ES,BUY,1,5629.00,2026-08-24T08:25:38Z,ORD-900306,taker,2.10
FIL-500385,ACC-1006,MES,SELL,4,5629.75,2026-08-24T08:29:58Z,ORD-900317,taker,2.80
FIL-500386,ACC-1006,MES,SELL,4,5629.75,2026-08-24T08:29:59Z,ORD-900317,taker,2.80
FIL-500387,ACC-1008,6E,BUY,3,1.107,2026-08-24T08:37:21Z,ORD-900333,taker,7.44
FIL-500388,ACC-1015,MNQ,BUY,8,19769.00,2026-08-24T08:50:06Z,ORD-900379,taker,5.60
FIL-500389,ACC-1007,MES,SELL,6,5630.75,2026-08-24T08:52:17Z,ORD-900324,taker,4.20
FIL-500390,ACC-1003,MNQ,BUY,3,19767.50,2026-08-24T09:02:00Z,ORD-900259,maker,2.10
FIL-500391,ACC-1003,MNQ,BUY,3,19767.50,2026-08-24T09:02:02Z,ORD-900259,maker,2.10
FIL-500392,ACC-1005,MCL,SELL,5,73.59,2026-08-24T09:02:19Z,ORD-900287,taker,3.50
FIL-500393,ACC-1006,MES,BUY,8,5627.75,2026-08-24T09:05:58Z,ORD-900318,taker,5.60
FIL-500394,ACC-1008,6E,SELL,3,1.1072,2026-08-24T09:07:21Z,ORD-900334,taker,7.44
FIL-500395,ACC-1005,MCL,BUY,5,73.56,2026-08-24T09:10:19Z,ORD-900288,taker,3.50
FIL-500396,ACC-1004,MES,BUY,3,5630.00,2026-08-24T09:12:33Z,ORD-900273,taker,2.10
FIL-500397,ACC-1016,MES,BUY,4,5630.50,2026-08-24T09:21:17Z,ORD-900421,taker,2.80
FIL-500398,ACC-1016,MES,BUY,4,5630.50,2026-08-24T09:21:21Z,ORD-900421,taker,2.80
FIL-500399,ACC-1003,MNQ,SELL,6,19769.50,2026-08-24T09:22:00Z,ORD-900260,taker,4.20
FIL-500400,ACC-1009,GC,SELL,2,2487.00,2026-08-24T09:29:23Z,ORD-900341,taker,4.20
FIL-500401,ACC-1015,MNQ,SELL,8,19769.75,2026-08-24T09:31:06Z,ORD-900380,taker,5.60
FIL-500402,ACC-1011,MES,BUY,10,5629.75,2026-08-24T09:37:14Z,ORD-900355,maker,7.00
FIL-500403,ACC-1006,ES,BUY,2,5630.50,2026-08-24T09:39:21Z,ORD-900311,maker,4.20
FIL-500404,ACC-1018,MNQ,BUY,5,19767.25,2026-08-24T09:39:21Z,ORD-900453,maker,3.50
FIL-500405,ACC-1018,MNQ,BUY,5,19767.25,2026-08-24T09:39:24Z,ORD-900453,taker,3.50
FIL-500406,ACC-1016,MES,SELL,8,5631.50,2026-08-24T09:43:17Z,ORD-900422,taker,5.60
FIL-500407,ACC-1015,MNQ,BUY,4,19769.75,2026-08-24T09:52:03Z,ORD-900393,taker,2.80
FIL-500408,ACC-1006,ES,SELL,2,5631.00,2026-08-24T10:01:21Z,ORD-900312,taker,4.20
FIL-500409,ACC-1004,MES,SELL,3,5629.50,2026-08-24T10:02:33Z,ORD-900274,taker,2.10
FIL-500410,ACC-1009,GC,BUY,2,2486.50,2026-08-24T10:11:23Z,ORD-900342,taker,4.20
FIL-500411,ACC-1015,MNQ,BUY,2,19769.25,2026-08-24T10:16:27Z,ORD-900397,taker,1.40
FIL-500412,ACC-1015,MNQ,BUY,3,19769.25,2026-08-24T10:16:31Z,ORD-900397,taker,2.10
FIL-500413,ACC-1003,NQ,SELL,1,19769.00,2026-08-24T10:20:34Z,ORD-900267,taker,2.10
FIL-500414,ACC-1011,MES,SELL,10,5631.75,2026-08-24T10:29:14Z,ORD-900356,taker,7.00
FIL-500415,ACC-1011,MCL,BUY,5,73.67,2026-08-24T10:29:19Z,ORD-900369,taker,3.50
FIL-500416,ACC-1015,MNQ,SELL,4,19770.25,2026-08-24T10:31:03Z,ORD-900394,taker,2.80
FIL-500417,ACC-1002,MES,BUY,2,5629.25,2026-08-24T10:31:33Z,ORD-900247,taker,1.40
FIL-500418,ACC-1018,MNQ,SELL,10,19768.00,2026-08-24T10:34:21Z,ORD-900454,maker,7.00
FIL-500419,ACC-1006,ES,SELL,2,5630.50,2026-08-24T10:39:15Z,ORD-900299,taker,4.20
FIL-500420,ACC-1006,ES,SELL,2,5630.50,2026-08-24T10:39:19Z,ORD-900299,taker,4.20
FIL-500421,ACC-1003,NQ,BUY,1,19769.75,2026-08-24T10:44:34Z,ORD-900268,taker,2.10
FIL-500422,ACC-1006,ES,BUY,4,5628.50,2026-08-24T10:48:15Z,ORD-900300,taker,8.40
FIL-500423,ACC-1015,MNQ,BUY,5,19768.75,2026-08-24T10:56:23Z,ORD-900403,maker,3.50
FIL-500424,ACC-1015,MNQ,BUY,5,19768.75,2026-08-24T10:56:26Z,ORD-900403,taker,3.50
FIL-500425,ACC-1011,MCL,SELL,5,73.72,2026-08-24T10:57:19Z,ORD-900370,maker,3.50
FIL-500426,ACC-1015,MNQ,SELL,5,19770.50,2026-08-24T11:00:27Z,ORD-900398,taker,3.50
FIL-500427,ACC-1016,MES,SELL,3,5628.50,2026-08-24T11:11:19Z,ORD-900429,taker,2.10
FIL-500428,ACC-1016,MES,SELL,3,5628.50,2026-08-24T11:11:21Z,ORD-900429,taker,2.10
FIL-500429,ACC-1006,MES,SELL,3,5632.00,2026-08-24T11:13:14Z,ORD-900301,taker,2.10
FIL-500430,ACC-1002,MES,SELL,2,5631.25,2026-08-24T11:15:33Z,ORD-900248,maker,1.40
FIL-500431,ACC-1015,MNQ,SELL,10,19769.75,2026-08-24T11:25:23Z,ORD-900404,taker,7.00
FIL-500432,ACC-1006,MES,BUY,3,5631.00,2026-08-24T11:27:14Z,ORD-900302,taker,2.10
FIL-500433,ACC-1016,MES,BUY,6,5628.75,2026-08-24T11:37:19Z,ORD-900430,taker,4.20
FIL-500434,ACC-1009,GC,SELL,1,2486.60,2026-08-24T12:08:18Z,ORD-900353,taker,2.10
FIL-500435,ACC-1005,MCL,SELL,10,73.75,2026-08-24T12:08:27Z,ORD-900289,maker,7.00
FIL-500436,ACC-1003,NQ,SELL,1,19769.25,2026-08-24T12:11:27Z,ORD-900255,taker,2.10
FIL-500437,ACC-1009,GC,BUY,1,2486.10,2026-08-24T12:31:18Z,ORD-900354,maker,2.10
FIL-500438,ACC-1005,MCL,BUY,10,73.73,2026-08-24T12:35:27Z,ORD-900290,maker,7.00
FIL-500439,ACC-1017,MES,BUY,2,5628.00,2026-08-24T12:36:57Z,ORD-900449,taker,1.40
FIL-500440,ACC-1011,MES,BUY,5,5628.50,2026-08-24T12:38:59Z,ORD-900359,maker,3.50
FIL-500441,ACC-1003,NQ,BUY,1,19770.00,2026-08-24T12:48:27Z,ORD-900256,maker,2.10
FIL-500442,ACC-1002,MES,BUY,2,5628.50,2026-08-24T12:50:26Z,ORD-900249,taker,1.40
FIL-500443,ACC-1015,MNQ,SELL,10,19767.75,2026-08-24T12:55:41Z,ORD-900409,taker,7.00
FIL-500444,ACC-1011,MES,BUY,2,5629.25,2026-08-24T13:01:43Z,ORD-900367,taker,1.40
FIL-500445,ACC-1011,MES,BUY,2,5629.25,2026-08-24T13:01:46Z,ORD-900367,taker,1.40
FIL-500446,ACC-1015,MNQ,BUY,10,19765.75,2026-08-24T13:03:41Z,ORD-900410,taker,7.00
FIL-500447,ACC-1002,MES,SELL,2,5628.25,2026-08-24T13:05:26Z,ORD-900250,maker,1.40
FIL-500448,ACC-1011,MES,SELL,4,5631.25,2026-08-24T13:06:43Z,ORD-900368,taker,2.80
FIL-500449,ACC-1011,MES,SELL,5,5628.75,2026-08-24T13:07:59Z,ORD-900360,taker,3.50
FIL-500450,ACC-1017,MES,SELL,2,5626.50,2026-08-24T13:09:57Z,ORD-900450,maker,1.40
FIL-500451,ACC-1001,MES,BUY,5,5631.50,2026-08-24T13:27:55Z,ORD-900241,taker,3.50
FIL-500452,ACC-1001,MES,SELL,5,5631.25,2026-08-24T13:38:55Z,ORD-900242,taker,3.50
FIL-500453,ACC-1006,ES,BUY,1,5629.50,2026-08-24T13:40:34Z,ORD-900297,taker,2.10
FIL-500454,ACC-1001,MCL,BUY,4,73.73,2026-08-24T13:58:01Z,ORD-900237,taker,2.80
FIL-500455,ACC-1006,ES,SELL,1,5631.50,2026-08-24T13:58:34Z,ORD-900298,maker,2.10
FIL-500456,ACC-1008,6E,SELL,3,1.1064,2026-08-24T13:59:08Z,ORD-900331,taker,7.44
FIL-500457,ACC-1006,ES,BUY,3,5629.00,2026-08-24T14:02:01Z,ORD-900313,taker,6.30
FIL-500458,ACC-1007,MES,SELL,3,5629.00,2026-08-24T14:08:19Z,ORD-900321,taker,2.10
FIL-500459,ACC-1001,MCL,SELL,4,73.77,2026-08-24T14:13:01Z,ORD-900238,taker,2.80
FIL-500460,ACC-1003,NQ,SELL,2,19767.00,2026-08-24T14:22:22Z,ORD-900269,taker,4.20
FIL-500461,ACC-1008,6E,BUY,3,1.1067,2026-08-24T14:29:08Z,ORD-900332,maker,7.44
FIL-500462,ACC-1006,ES,SELL,3,5628.00,2026-08-24T14:33:01Z,ORD-900314,taker,6.30
FIL-500463,ACC-1004,MES,SELL,5,5627.25,2026-08-24T14:36:12Z,ORD-900283,taker,3.50
FIL-500464,ACC-1004,MES,SELL,5,5627.25,2026-08-24T14:36:14Z,ORD-900283,taker,3.50
FIL-500465,ACC-1001,MES,BUY,6,5629.25,2026-08-24T14:37:08Z,ORD-900233,taker,4.20
FIL-500466,ACC-1004,MES,BUY,10,5626.75,2026-08-24T14:39:12Z,ORD-900284,taker,7.00
FIL-500467,ACC-1007,MES,BUY,3,5629.25,2026-08-24T14:49:19Z,ORD-900322,taker,2.10
FIL-500468,ACC-1001,MES,SELL,6,5630.00,2026-08-24T14:53:08Z,ORD-900234,taker,4.20
FIL-500469,ACC-1008,6E,BUY,1,1.107,2026-08-24T14:58:29Z,ORD-900329,maker,2.48
FIL-500470,ACC-1003,NQ,BUY,2,19767.25,2026-08-24T15:04:22Z,ORD-900270,taker,4.20
FIL-500471,ACC-1008,6E,SELL,1,1.10695,2026-08-24T15:28:29Z,ORD-900330,taker,2.48
FIL-500472,ACC-1011,MCL,SELL,2,73.70,2026-08-24T15:42:19Z,ORD-900363,taker,1.40
FIL-500473,ACC-1015,MES,SELL,2,5630.25,2026-08-24T15:44:52Z,ORD-900381,maker,1.40
FIL-500474,ACC-1015,MES,SELL,2,5630.25,2026-08-24T15:44:53Z,ORD-900381,taker,1.40
FIL-500475,ACC-1015,MNQ,BUY,2,19768.50,2026-08-24T15:45:50Z,ORD-900415,taker,1.40
FIL-500476,ACC-1015,MNQ,BUY,2,19768.50,2026-08-24T15:45:53Z,ORD-900415,maker,1.40
FIL-500477,ACC-1015,MNQ,SELL,2,19769.50,2026-08-24T15:54:16Z,ORD-900413,taker,1.40
FIL-500478,ACC-1015,MNQ,SELL,2,19769.50,2026-08-24T15:54:17Z,ORD-900413,taker,1.40
FIL-500479,ACC-1002,MES,BUY,8,5629.25,2026-08-24T15:57:44Z,ORD-900245,taker,5.60
FIL-500480,ACC-1015,MNQ,BUY,4,19770.50,2026-08-24T16:06:16Z,ORD-900414,taker,2.80
FIL-500481,ACC-1011,MCL,BUY,2,73.73,2026-08-24T16:07:19Z,ORD-900364,maker,1.40
FIL-500482,ACC-1004,MES,BUY,2,5628.75,2026-08-24T16:07:46Z,ORD-900279,taker,1.40
FIL-500483,ACC-1004,MES,BUY,3,5628.75,2026-08-24T16:07:49Z,ORD-900279,maker,2.10
FIL-500484,ACC-1004,MES,SELL,5,5630.75,2026-08-24T16:10:46Z,ORD-900280,taker,3.50
FIL-500485,ACC-1015,MNQ,SELL,4,19768.75,2026-08-24T16:11:50Z,ORD-900416,taker,2.80
FIL-500486,ACC-1015,MES,BUY,10,5629.75,2026-08-24T16:12:47Z,ORD-900405,taker,7.00
FIL-500487,ACC-1015,MES,BUY,4,5631.00,2026-08-24T16:18:52Z,ORD-900382,taker,2.80
FIL-500488,ACC-1015,MES,SELL,10,5628.25,2026-08-24T16:23:47Z,ORD-900406,taker,7.00
FIL-500489,ACC-1017,MCL,SELL,5,73.65,2026-08-24T16:25:43Z,ORD-900441,maker,3.50
FIL-500490,ACC-1003,NQ,SELL,2,19768.50,2026-08-24T16:33:26Z,ORD-900261,maker,4.20
FIL-500491,ACC-1002,MES,SELL,8,5629.00,2026-08-24T16:52:44Z,ORD-900246,taker,5.60
FIL-500492,ACC-1017,MCL,BUY,5,73.63,2026-08-24T17:07:43Z,ORD-900442,taker,3.50
FIL-500493,ACC-1003,NQ,BUY,2,19767.50,2026-08-24T17:13:26Z,ORD-900262,taker,4.20
FIL-500494,ACC-1015,MNQ,BUY,2,19768.50,2026-08-24T17:17:45Z,ORD-900383,taker,1.40
FIL-500495,ACC-1001,MES,SELL,5,5628.75,2026-08-24T17:17:50Z,ORD-900229,taker,3.50
FIL-500496,ACC-1001,MES,SELL,5,5628.75,2026-08-24T17:17:53Z,ORD-900229,maker,3.50
FIL-500497,ACC-1013,MNQ,BUY,3,19769.50,2026-08-24T17:21:00Z,ORD-900373,taker,2.10
FIL-500498,ACC-1013,MNQ,BUY,3,19769.50,2026-08-24T17:21:03Z,ORD-900373,maker,2.10
FIL-500499,ACC-1016,MES,BUY,2,5630.00,2026-08-24T17:21:46Z,ORD-900431,taker,1.40
FIL-500500,ACC-1001,MES,BUY,10,5629.75,2026-08-24T17:22:50Z,ORD-900230,taker,7.00
FIL-500501,ACC-1016,MES,SELL,2,5631.25,2026-08-24T17:35:46Z,ORD-900432,taker,1.40
FIL-500502,ACC-1013,MNQ,SELL,5,19770.00,2026-08-24T17:42:06Z,ORD-900371,taker,3.50
FIL-500503,ACC-1013,MNQ,SELL,5,19770.00,2026-08-24T17:42:07Z,ORD-900371,maker,3.50
FIL-500504,ACC-1017,MCL,SELL,2,73.71,2026-08-24T17:43:55Z,ORD-900439,taker,1.40
FIL-500505,ACC-1015,MES,BUY,3,5630.00,2026-08-24T17:54:22Z,ORD-900385,taker,2.10
FIL-500506,ACC-1018,MNQ,BUY,5,19768.00,2026-08-24T17:59:02Z,ORD-900451,taker,3.50
FIL-500507,ACC-1017,MCL,BUY,2,73.73,2026-08-24T18:01:55Z,ORD-900440,maker,1.40
FIL-500508,ACC-1016,MES,BUY,3,5629.25,2026-08-24T18:03:32Z,ORD-900423,taker,2.10
FIL-500509,ACC-1015,MNQ,SELL,2,19769.00,2026-08-24T18:07:45Z,ORD-900384,taker,1.40
FIL-500510,ACC-1003,MNQ,SELL,8,19770.00,2026-08-24T18:09:32Z,ORD-900263,maker,5.60
FIL-500511,ACC-1015,MES,SELL,3,5631.25,2026-08-24T18:12:22Z,ORD-900386,maker,2.10
FIL-500512,ACC-1013,MNQ,SELL,6,19769.25,2026-08-24T18:16:00Z,ORD-900374,taker,4.20
FIL-500513,ACC-1003,MNQ,BUY,2,19770.00,2026-08-24T18:20:40Z,ORD-900257,taker,1.40
FIL-500514,ACC-1003,MNQ,BUY,3,19770.00,2026-08-24T18:20:42Z,ORD-900257,taker,2.10
FIL-500515,ACC-1013,MNQ,BUY,10,19768.00,2026-08-24T18:25:06Z,ORD-900372,maker,7.00
FIL-500516,ACC-1016,MES,SELL,3,5629.50,2026-08-24T18:29:32Z,ORD-900424,maker,2.10
FIL-500517,ACC-1018,MNQ,SELL,5,19768.75,2026-08-24T18:41:02Z,ORD-900452,maker,3.50
FIL-500518,ACC-1003,MNQ,SELL,5,19771.25,2026-08-24T19:00:40Z,ORD-900258,taker,3.50
FIL-500519,ACC-1003,MNQ,BUY,8,19768.75,2026-08-24T19:02:32Z,ORD-900264,taker,5.60
FIL-500520,ACC-1006,MES,BUY,2,5628.75,2026-08-24T22:41:07Z,ORD-900469,maker,1.40
FIL-500521,ACC-1006,MES,BUY,2,5628.75,2026-08-24T22:41:10Z,ORD-900469,taker,1.40
FIL-500522,ACC-1015,MNQ,SELL,4,19847.25,2026-08-24T23:01:20Z,ORD-900521,maker,2.80
FIL-500523,ACC-1015,MNQ,BUY,4,19845.75,2026-08-24T23:04:20Z,ORD-900522,taker,2.80
FIL-500524,ACC-1015,MNQ,BUY,3,19847.25,2026-08-24T23:07:30Z,ORD-900561,maker,2.10
FIL-500525,ACC-1006,MES,BUY,2,5624.50,2026-08-24T23:52:38Z,ORD-900470,maker,1.40
FIL-500526,ACC-1015,MES,BUY,2,5652.75,2026-08-24T23:59:53Z,ORD-900563,taker,1.40
FIL-500527,ACC-1015,MES,BUY,2,5652.75,2026-08-24T23:59:54Z,ORD-900563,taker,1.40
FIL-500528,ACC-1015,MNQ,SELL,3,19848.00,2026-08-25T00:02:30Z,ORD-900562,maker,2.10
FIL-500529,ACC-1015,MNQ,BUY,5,19848.00,2026-08-25T00:03:19Z,ORD-900523,taker,3.50
FIL-500530,ACC-1015,MNQ,SELL,5,19848.25,2026-08-25T00:12:19Z,ORD-900524,taker,3.50
FIL-500531,ACC-1015,MES,SELL,4,5653.50,2026-08-25T00:42:53Z,ORD-900564,taker,2.80
FIL-500532,ACC-1015,MES,BUY,2,5653.00,2026-08-25T00:53:11Z,ORD-900565,maker,1.40
FIL-500533,ACC-1015,MES,BUY,2,5653.00,2026-08-25T00:53:14Z,ORD-900565,taker,1.40
FIL-500534,ACC-1015,MNQ,BUY,4,19849.00,2026-08-25T00:55:45Z,ORD-900525,taker,2.80
FIL-500535,ACC-1015,MNQ,BUY,5,19849.00,2026-08-25T01:06:17Z,ORD-900527,taker,3.50
FIL-500536,ACC-1015,MES,SELL,4,5654.00,2026-08-25T01:07:11Z,ORD-900566,taker,2.80
FIL-500537,ACC-1006,MES,BUY,2,5631.00,2026-08-25T01:15:22Z,ORD-900471,taker,1.40
FIL-500538,ACC-1015,MNQ,SELL,4,19849.75,2026-08-25T01:18:45Z,ORD-900526,maker,2.80
FIL-500539,ACC-1015,MNQ,SELL,5,19850.00,2026-08-25T01:28:17Z,ORD-900528,maker,3.50
FIL-500540,ACC-1015,MES,BUY,4,5651.25,2026-08-25T01:33:40Z,ORD-900567,taker,2.80
FIL-500541,ACC-1009,GC,BUY,2,2496.90,2026-08-25T01:50:18Z,ORD-900500,taker,4.20
FIL-500542,ACC-1015,MNQ,BUY,4,19847.25,2026-08-25T01:55:26Z,ORD-900569,taker,2.80
FIL-500543,ACC-1015,MES,SELL,4,5650.75,2026-08-25T02:00:40Z,ORD-900568,taker,2.80
FIL-500544,ACC-1009,GC,SELL,2,2497.20,2026-08-25T02:04:18Z,ORD-900501,maker,4.20
FIL-500545,ACC-1015,MNQ,SELL,2,19847.50,2026-08-25T02:06:24Z,ORD-900529,taker,1.40
FIL-500546,ACC-1015,MNQ,SELL,4,19848.00,2026-08-25T02:32:26Z,ORD-900570,taker,2.80
FIL-500547,ACC-1015,MNQ,BUY,2,19846.50,2026-08-25T02:33:24Z,ORD-900530,taker,1.40
FIL-500548,ACC-1017,MES,SELL,4,5650.50,2026-08-25T02:38:53Z,ORD-900607,taker,2.80
FIL-500549,ACC-1015,MNQ,BUY,2,19846.75,2026-08-25T02:57:27Z,ORD-900571,maker,1.40
FIL-500550,ACC-1017,MES,BUY,4,5650.00,2026-08-25T02:58:53Z,ORD-900608,maker,2.80
FIL-500551,ACC-1009,GC,SELL,2,2495.90,2026-08-25T03:02:01Z,ORD-900502,taker,4.20
FIL-500552,ACC-1015,MES,SELL,2,5651.00,2026-08-25T03:04:18Z,ORD-900531,taker,1.40
FIL-500553,ACC-1009,GC,BUY,2,2496.10,2026-08-25T03:06:01Z,ORD-900503,maker,4.20
FIL-500554,ACC-1015,MES,BUY,2,5650.00,2026-08-25T03:07:18Z,ORD-900532,maker,1.40
FIL-500555,ACC-1015,MNQ,SELL,2,19846.50,2026-08-25T03:12:27Z,ORD-900572,taker,1.40
FIL-500556,ACC-1018,MNQ,BUY,4,19847.50,2026-08-25T03:30:38Z,ORD-900616,maker,2.80
FIL-500557,ACC-1015,MES,SELL,4,5651.75,2026-08-25T03:34:01Z,ORD-900533,taker,2.80
FIL-500558,ACC-1015,MNQ,BUY,3,19847.25,2026-08-25T03:37:46Z,ORD-900573,maker,2.10
FIL-500559,ACC-1015,MES,BUY,4,5651.50,2026-08-25T03:48:01Z,ORD-900534,taker,2.80
FIL-500560,ACC-1017,MES,BUY,4,5651.00,2026-08-25T03:49:16Z,ORD-900609,maker,2.80
FIL-500561,ACC-1009,GC,BUY,1,2496.40,2026-08-25T03:54:48Z,ORD-900504,taker,2.10
FIL-500562,ACC-1018,MNQ,SELL,4,19848.75,2026-08-25T04:02:38Z,ORD-900617,taker,2.80
FIL-500563,ACC-1001,MCL,BUY,4,73.94,2026-08-25T04:08:43Z,ORD-900481,maker,2.80
FIL-500564,ACC-1009,GC,SELL,1,2496.80,2026-08-25T04:09:48Z,ORD-900505,taker,2.10
FIL-500565,ACC-1015,MES,SELL,5,5652.75,2026-08-25T04:14:21Z,ORD-900535,maker,3.50
FIL-500566,ACC-1001,MCL,SELL,4,73.97,2026-08-25T04:24:43Z,ORD-900482,maker,2.80
FIL-500567,ACC-1015,MNQ,SELL,3,19847.50,2026-08-25T04:27:46Z,ORD-900574,maker,2.10
FIL-500568,ACC-1015,MNQ,BUY,2,19846.00,2026-08-25T04:34:41Z,ORD-900575,taker,1.40
FIL-500569,ACC-1017,MES,SELL,4,5651.75,2026-08-25T04:39:16Z,ORD-900610,taker,2.80
FIL-500570,ACC-1015,MES,BUY,5,5652.50,2026-08-25T04:50:21Z,ORD-900536,taker,3.50
FIL-500571,ACC-1015,MNQ,BUY,4,19848.50,2026-08-25T05:03:00Z,ORD-900577,taker,2.80
FIL-500572,ACC-1009,GC,SELL,1,2496.50,2026-08-25T05:04:55Z,ORD-900506,maker,2.10
FIL-500573,ACC-1015,MES,SELL,2,5651.75,2026-08-25T05:14:41Z,ORD-900537,maker,1.40
FIL-500574,ACC-1001,MCL,SELL,6,73.97,2026-08-25T05:18:59Z,ORD-900483,taker,4.20
FIL-500575,ACC-1018,MNQ,BUY,4,19847.50,2026-08-25T05:19:52Z,ORD-900618,maker,2.80
FIL-500576,ACC-1015,MNQ,SELL,2,19845.25,2026-08-25T05:24:41Z,ORD-900576,maker,1.40
FIL-500577,ACC-1007,MES,SELL,2,5652.25,2026-08-25T05:25:42Z,ORD-900495,taker,1.40
FIL-500578,ACC-1015,MNQ,SELL,4,19848.25,2026-08-25T05:27:00Z,ORD-900578,taker,2.80
FIL-500579,ACC-1009,GC,BUY,1,2496.60,2026-08-25T05:39:55Z,ORD-900507,taker,2.10
FIL-500580,ACC-1001,MCL,BUY,6,73.99,2026-08-25T05:43:59Z,ORD-900484,taker,4.20
FIL-500581,ACC-1015,MNQ,BUY,2,19848.50,2026-08-25T05:45:58Z,ORD-900579,taker,1.40
FIL-500582,ACC-1015,MNQ,BUY,2,19848.50,2026-08-25T05:45:59Z,ORD-900579,taker,1.40
FIL-500583,ACC-1017,MES,BUY,3,5652.75,2026-08-25T05:57:14Z,ORD-900611,taker,2.10
FIL-500584,ACC-1001,MCL,BUY,4,73.95,2026-08-25T05:58:24Z,ORD-900485,taker,2.80
FIL-500585,ACC-1007,MES,BUY,2,5653.00,2026-08-25T05:58:42Z,ORD-900496,maker,1.40
FIL-500586,ACC-1015,MES,BUY,2,5652.50,2026-08-25T05:59:41Z,ORD-900538,maker,1.40
FIL-500587,ACC-1018,MNQ,SELL,4,19846.75,2026-08-25T05:59:52Z,ORD-900619,taker,2.80
FIL-500588,ACC-1009,GC,BUY,2,2496.10,2026-08-25T06:00:04Z,ORD-900508,maker,4.20
FIL-500589,ACC-1015,MNQ,BUY,3,19848.00,2026-08-25T06:05:23Z,ORD-900539,maker,2.10
FIL-500590,ACC-1015,MNQ,SELL,4,19848.25,2026-08-25T06:16:58Z,ORD-900580,taker,2.80
FIL-500591,ACC-1015,MES,BUY,2,5652.50,2026-08-25T06:18:58Z,ORD-900541,taker,1.40
FIL-500592,ACC-1001,MCL,SELL,4,74.00,2026-08-25T06:22:24Z,ORD-900486,maker,2.80
FIL-500593,ACC-1015,MES,SELL,2,5654.00,2026-08-25T06:30:58Z,ORD-900542,taker,1.40
FIL-500594,ACC-1017,MES,SELL,3,5652.50,2026-08-25T06:35:14Z,ORD-900612,taker,2.10
FIL-500595,ACC-1015,MNQ,BUY,4,19848.00,2026-08-25T06:42:56Z,ORD-900581,taker,2.80
FIL-500596,ACC-1009,GC,SELL,2,2496.30,2026-08-25T06:45:04Z,ORD-900509,taker,4.20
FIL-500597,ACC-1001,MCL,BUY,8,73.98,2026-08-25T06:45:09Z,ORD-900487,taker,5.60
FIL-500598,ACC-1015,MNQ,SELL,3,19849.00,2026-08-25T06:52:23Z,ORD-900540,taker,2.10
FIL-500599,ACC-1018,MNQ,BUY,6,19848.00,2026-08-25T06:59:19Z,ORD-900620,taker,4.20
FIL-500600,ACC-1001,MCL,SELL,8,73.97,2026-08-25T07:07:09Z,ORD-900488,maker,5.60
FIL-500601,ACC-1015,MNQ,BUY,2,19847.75,2026-08-25T07:07:31Z,ORD-900583,taker,1.40
FIL-500602,ACC-1015,MNQ,BUY,3,19847.75,2026-08-25T07:07:32Z,ORD-900583,taker,2.10
FIL-500603,ACC-1009,GC,SELL,2,2496.10,2026-08-25T07:12:45Z,ORD-900510,maker,4.20
FIL-500604,ACC-1015,MES,SELL,2,5652.00,2026-08-25T07:20:23Z,ORD-900543,taker,1.40
FIL-500605,ACC-1015,MES,BUY,2,5651.50,2026-08-25T07:25:23Z,ORD-900544,taker,1.40
FIL-500606,ACC-1017,MES,SELL,5,5654.00,2026-08-25T07:29:07Z,ORD-900613,maker,3.50
FIL-500607,ACC-1017,MES,BUY,5,5653.00,2026-08-25T07:36:07Z,ORD-900614,taker,3.50
FIL-500608,ACC-1015,MNQ,SELL,4,19849.50,2026-08-25T07:37:56Z,ORD-900582,maker,2.80
FIL-500609,ACC-1018,MNQ,SELL,6,19848.50,2026-08-25T07:38:19Z,ORD-900621,taker,4.20
FIL-500610,ACC-1009,GC,BUY,2,2496.40,2026-08-25T07:39:45Z,ORD-900511,maker,4.20
FIL-500611,ACC-1002,MES,BUY,3,5651.50,2026-08-25T07:50:46Z,ORD-900492,taker,2.10
FIL-500612,ACC-1002,MES,SELL,3,5652.50,2026-08-25T07:56:46Z,ORD-900493,maker,2.10
FIL-500613,ACC-1015,MNQ,SELL,5,19847.50,2026-08-25T07:57:31Z,ORD-900584,taker,3.50
FIL-500614,ACC-1015,MNQ,BUY,5,19846.75,2026-08-25T08:02:38Z,ORD-900545,taker,3.50
FIL-500615,ACC-1015,MNQ,SELL,5,19846.00,2026-08-25T08:16:38Z,ORD-900546,maker,3.50
FIL-500616,ACC-1001,MCL,BUY,5,74.00,2026-08-25T08:19:01Z,ORD-900489,taker,3.50
FIL-500617,ACC-1015,MNQ,BUY,2,19847.50,2026-08-25T08:22:25Z,ORD-900585,taker,1.40
FIL-500618,ACC-1015,MNQ,BUY,2,19847.50,2026-08-25T08:22:27Z,ORD-900585,taker,1.40
FIL-500619,ACC-1015,MNQ,BUY,2,19849.75,2026-08-25T08:37:47Z,ORD-900587,taker,1.40
FIL-500620,ACC-1001,MCL,SELL,5,74.02,2026-08-25T08:40:01Z,ORD-900490,maker,3.50
FIL-500621,ACC-1015,MNQ,SELL,4,19846.75,2026-08-25T08:56:25Z,ORD-900586,taker,2.80
FIL-500622,ACC-1015,MES,SELL,4,5652.50,2026-08-25T08:57:06Z,ORD-900547,maker,2.80
FIL-500623,ACC-1009,GC,SELL,1,2496.90,2026-08-25T08:57:44Z,ORD-900512,maker,2.10
FIL-500624,ACC-1015,MNQ,SELL,2,19850.50,2026-08-25T08:57:47Z,ORD-900588,maker,1.40
FIL-500625,ACC-1009,GC,BUY,1,2496.40,2026-08-25T09:18:44Z,ORD-900513,maker,2.10
FIL-500626,ACC-1015,MES,BUY,4,5652.00,2026-08-25T09:20:06Z,ORD-900548,taker,2.80
FIL-500627,ACC-1015,MNQ,SELL,2,19846.00,2026-08-25T09:20:49Z,ORD-900589,maker,1.40
FIL-500628,ACC-1015,MNQ,SELL,2,19846.00,2026-08-25T09:20:52Z,ORD-900589,taker,1.40
FIL-500629,ACC-1009,GC,SELL,1,2496.70,2026-08-25T09:23:27Z,ORD-900514,taker,2.10
FIL-500630,ACC-1015,MES,SELL,4,5652.50,2026-08-25T09:40:56Z,ORD-900549,taker,2.80
FIL-500631,ACC-1015,MNQ,BUY,4,19845.25,2026-08-25T09:54:49Z,ORD-900590,maker,2.80
FIL-500632,ACC-1009,GC,BUY,1,2496.60,2026-08-25T10:04:27Z,ORD-900515,taker,2.10
FIL-500633,ACC-1015,MES,BUY,4,5652.00,2026-08-25T10:09:56Z,ORD-900550,taker,2.80
FIL-500634,ACC-1015,MNQ,BUY,2,19847.50,2026-08-25T10:10:07Z,ORD-900591,taker,1.40
FIL-500635,ACC-1015,MNQ,BUY,2,19847.50,2026-08-25T10:10:09Z,ORD-900591,maker,1.40
FIL-500636,ACC-1015,MNQ,SELL,4,19849.25,2026-08-25T10:10:34Z,ORD-900551,maker,2.80
FIL-500637,ACC-1015,MNQ,BUY,4,19848.50,2026-08-25T10:24:34Z,ORD-900552,taker,2.80
FIL-500638,ACC-1015,MNQ,BUY,4,19847.25,2026-08-25T10:48:07Z,ORD-900553,taker,2.80
FIL-500639,ACC-1015,MNQ,BUY,5,19848.00,2026-08-25T10:50:01Z,ORD-900593,taker,3.50
FIL-500640,ACC-1015,MNQ,SELL,4,19848.50,2026-08-25T10:50:07Z,ORD-900592,taker,2.80
FIL-500641,ACC-1015,MNQ,SELL,4,19847.75,2026-08-25T10:59:07Z,ORD-900554,maker,2.80
FIL-500642,ACC-1015,MNQ,SELL,5,19848.25,2026-08-25T11:27:01Z,ORD-900594,taker,3.50
FIL-500643,ACC-1015,MNQ,BUY,2,19847.50,2026-08-25T11:33:27Z,ORD-900595,taker,1.40
FIL-500644,ACC-1015,MNQ,SELL,2,19846.50,2026-08-25T11:59:33Z,ORD-900555,taker,1.40
FIL-500645,ACC-1016,MES,BUY,5,5641.00,2026-08-25T12:05:00Z,ORD-900601,maker,3.50
FIL-500646,ACC-1016,MES,BUY,5,5641.00,2026-08-25T12:05:03Z,ORD-900601,maker,3.50
FIL-500647,ACC-1008,6E,BUY,2,1.1038,2026-08-25T12:15:00Z,ORD-900498,taker,4.96
FIL-500648,ACC-1015,MNQ,SELL,2,19848.50,2026-08-25T12:28:27Z,ORD-900596,maker,1.40
FIL-500649,ACC-1015,MNQ,BUY,2,19846.25,2026-08-25T12:33:33Z,ORD-900556,taker,1.40
FIL-500650,ACC-1016,MES,SELL,10,5628.25,2026-08-25T12:38:41Z,ORD-900602,taker,7.00
FIL-500651,ACC-1005,MCL,SELL,3,73.62,2026-08-25T12:41:30Z,ORD-900480,taker,2.10
FIL-500652,ACC-1015,MNQ,SELL,2,19847.25,2026-08-25T12:48:55Z,ORD-900597,maker,1.40
FIL-500653,ACC-1015,MNQ,SELL,2,19847.25,2026-08-25T12:48:57Z,ORD-900597,maker,1.40
FIL-500654,ACC-1015,MNQ,BUY,3,19848.25,2026-08-25T12:50:24Z,ORD-900557,maker,2.10
FIL-500655,ACC-1016,MES,BUY,7,5629.50,2026-08-25T12:52:10Z,ORD-900603,taker,4.90
FIL-500656,ACC-1016,MES,BUY,8,5629.50,2026-08-25T12:52:11Z,ORD-900603,maker,5.60
FIL-500657,ACC-1011,MCL,BUY,6,73.95,2026-08-25T12:58:40Z,ORD-900519,taker,4.20
FIL-500658,ACC-1010,MNQ,BUY,2,19795.00,2026-08-25T13:02:00Z,ORD-900516,taker,1.40
FIL-500659,ACC-1004,MES,BUY,12,5640.50,2026-08-25T13:05:00Z,ORD-900477,taker,8.40
FIL-500660,ACC-1004,MES,SELL,12,5640.75,2026-08-25T13:09:44Z,ORD-900478,taker,8.40
FIL-500661,ACC-1016,MES,SELL,15,5620.00,2026-08-25T13:19:55Z,ORD-900604,taker,10.50
FIL-500662,ACC-1006,MES,SELL,3,5638.00,2026-08-25T13:20:05Z,ORD-900472,taker,2.10
FIL-500663,ACC-1015,MNQ,BUY,4,19847.75,2026-08-25T13:24:55Z,ORD-900598,taker,2.80
FIL-500664,ACC-1015,MNQ,BUY,2,19848.00,2026-08-25T13:25:04Z,ORD-900599,taker,1.40
FIL-500665,ACC-1015,MNQ,BUY,4,19848.00,2026-08-25T13:27:36Z,ORD-900559,maker,2.80
FIL-500666,ACC-1015,MNQ,SELL,3,19848.00,2026-08-25T13:28:24Z,ORD-900558,taker,2.10
FIL-500667,ACC-1016,MES,BUY,10,5622.75,2026-08-25T13:31:02Z,ORD-900605,maker,7.00
FIL-500668,ACC-1016,MES,BUY,10,5622.75,2026-08-25T13:31:05Z,ORD-900605,taker,7.00
FIL-500669,ACC-1003,MNQ,BUY,8,19801.25,2026-08-25T13:32:11Z,ORD-900473,taker,5.60
FIL-500670,ACC-1003,MNQ,BUY,12,19801.25,2026-08-25T13:32:14Z,ORD-900473,maker,8.40
FIL-500671,ACC-1011,MES,SELL,4,5645.25,2026-08-25T13:35:02Z,ORD-900517,taker,2.80
FIL-500672,ACC-1011,MES,SELL,6,5645.25,2026-08-25T13:35:05Z,ORD-900517,taker,4.20
FIL-500673,ACC-1008,6E,SELL,2,1.10455,2026-08-25T13:44:19Z,ORD-900499,taker,4.96
FIL-500674,ACC-1003,MNQ,SELL,20,19812.00,2026-08-25T13:48:52Z,ORD-900474,taker,14.00
FIL-500675,ACC-1015,MNQ,SELL,4,19847.75,2026-08-25T13:50:36Z,ORD-900560,taker,2.80
FIL-500676,ACC-1004,MES,BUY,1,5641.00,2026-08-25T13:51:12Z,ORD-900479,taker,0.70
FIL-500677,ACC-1016,MES,SELL,20,5615.50,2026-08-25T13:58:12Z,ORD-900606,maker,14.00
FIL-500678,ACC-1007,MES,BUY,1,5639.00,2026-08-25T13:58:26Z,ORD-900497,maker,0.70
FIL-500679,ACC-1015,MNQ,SELL,2,19847.50,2026-08-25T14:01:04Z,ORD-900600,taker,1.40
FIL-500680,ACC-1003,NQ,BUY,2,19820.75,2026-08-25T14:02:19Z,ORD-900475,maker,4.20
FIL-500681,ACC-1001,MCL,BUY,4,73.88,2026-08-25T14:05:12Z,ORD-900491,maker,2.80
FIL-500682,ACC-1017,MES,BUY,1,5640.00,2026-08-25T14:08:44Z,ORD-900615,taker,0.70
FIL-500683,ACC-1017,MES,BUY,1,5640.00,2026-08-25T14:08:47Z,ORD-900615,taker,0.70
FIL-500684,ACC-1003,NQ,SELL,2,19815.50,2026-08-25T14:11:40Z,ORD-900476,taker,4.20
FIL-500685,ACC-1011,MES,BUY,10,5643.00,2026-08-25T14:12:48Z,ORD-900518,maker,7.00
FIL-500686,ACC-1002,MES,BUY,1,5640.25,2026-08-25T14:14:30Z,ORD-900494,taker,0.70
FIL-500687,ACC-1013,MNQ,BUY,1,19830.00,2026-08-25T14:18:00Z,ORD-900520,maker,0.70
